Workbook

Sheet Du an 3
A1: Đề 03 Một địa phương đang có một bãi rác lộ thiên đã quá tải, gây ô nhiễm và chi phí quá cao. Hàng năm địa phương phải tốn chi phí vận hành 0,33 triệu đồng/tấn (đã bao gồm VAT 10%), chi phí cơ hội từ bãi đất chôn lấp rác là 0,04 triệu đồng/tấn, chi phí khắc phục ô nhiễm tối thiểu là 0,08 triệu đồng/tấn, đây cũng là chi phí kinh tế. UBND huyện đề xuất đầu tư Trung tâm vận hành trong 8 năm để thu gom, phân loại, ủ compost và xử lý rác sinh hoạt. Dự kiến, Trung tâm xử lý được 28000 tấn rác mỗi năm nên giúp giảm 20000 tấn rác hiện đang chôn lấp tại bãi rác hiện tại, và cũng giúp thu gom và xử lý rác ở các xã vùng ven trước đây chưa thu gom được. Người dân ở những vùng ven này sẵn sàng trả thấp nhất 0,36, cao nhất 0,6 triệu đồng/tấn. Sau khi thu gom, Trung tâm sẽ phân loại và xử lý tạo ra phụ phẩm gồm compost và phế liệu tái chế có giá trị là 7000 tấn/năm với giá 0,77 triệu đồng/tấn (giá gồm VAT 10%) và 1680 tấn/năm với giá 2100 triệu đồng/tấn (giá gồm VAT 5%). Việc đầu tư xây dựng chỉ diễn ra trong năm hiện tại với các chi phí bao gồm: - Xây dựng nhà xưởng, sân bãi, hồ thu gom nước rỉ rác là 30 tỷ đồng (đã gồm VAT 10%); xe ép rác, thiết bị phân loại được nhập khẩu là 28 tỷ đồng (đã gồm 8% thuế nhập khẩu, 10% VAT); thùng rác và thiết bị phụ trợ là 6,6 tỷ đồng (đã gồm VAT 10%). Lao động xây dựng và lắp đặt hệ thống xử lý là 5 tỷ đồng, trong đó 50% là lao động thất nghiệp có mức tiền công mong muốn tối thiểu bằng 60% tiền công dự án, và 30% lao động nông nhàn có mức tiền công mong muốn tối thiểu bằng 70% tiền công dự án, và 20% lao động đang có việc làm với mức tiền công bằng tiền công dự án. - Chi phí bồi thường đất là 7 tỷ đồng. Khu đất này đang bị bỏ không. Khi Trung tâm vận hành, chi phí phát sinh thêm hàng năm: - Nhiên liệu xe thu gom 2,2 tỷ đồng, trong đó gồm thuế VAT 10% và thuế nhiên liệu 10%. Theo qui định, thuế nhiên liệu được tính trên toàn bộ giá trị sau VAT; - Toàn bộ chi phí tiền điện vận hành dây chuyền xử lý phải trả là 0,8 tỷ đồng. Đây là dự án đặc biệt nên được trợ cấp tiền điện 10% và điện là hàng hóa tính thuế VAT 10%. Chi phí phải trả trên đã bao gồm phần được trợ cấp và phần thuế phải trả; - Phụ liệu xử lý được nhập khẩu 1,4 tỷ, đã bao gồm 5% thuế nhập khẩu và 10% thuế VAT; bao bì được mua tại địa phương với chi phí 1,2 tỷ đồng đã gồm VAT 10%. - Lao động vận hành 3 tỷ đồng, trong đó gồm 40% lao động thất nghiệp, 40% lao động phi chính thức và 20% lao động đang có việc làm, với mức lương tối thiểu mong muốn lần lượt là 60%, 75% mức lương dự án, và tối thiểu bằng mức lương công việc hiện tại. - Quản lý, bảo hiểm, hành chính 0,9 tỷ đồng, trong đó lệ phí chi trả nhà nước 0,2 tỷ đồng, còn lại là chi phí nguồn lực thực. - Chi phí chôn lấp phần rác còn lại sau xử lý là 1,26 tỷ đồng, đây cũng là chi phí kinh tế. Chi phí cơ hội đất sử dụng là 0,5 tỷ đồng. Giá trị còn lại cuối năm 8 bằng 15% giá trị kinh tế của xây dựng, xe thiết bị nhập khẩu và thiết bị phụ trợ trong nước. Tỉ lệ chiết khấu xã hội là 8%. 1/ Nhận dạng lợi ích và chi phí có thể có của dự án (2 điểm). 2/ Lập bảng thông số của dự án (2 điểm). 3/ Lập bảng tính lợi ích kinh tế hàng năm của dự án, chi phí kinh tế của mỗi loại đầu vào trong năm xây dựng và trong năm vận hành (3.75 điểm). 4/ Tính NPV và B/C của dự án. Diễn giải kết quả dự án (1.5 điểm). 5/ Tính giá kinh tế của mỗi tấn rác được xử lý (0.75 điểm)

Sheet Bảng thông số
A1: Chỉ tiêu | B1: Đvt | C1: Giá trị | D1: Ghi chú 1 | E1: Ghi chú 2 | F1: Ghi chú 3 | G1: Ghi chú 4
A2: 1. Giai đoạn xây dựng (Năm 0)
A3: Xây dựng nhà xưởng, hạ tầng | B3: tỷ đồng | C3: 30 | D3: đã gồm | E3: thuế VAT | F3: 0.1
A4: Thiết bị nhập khẩu (xe, máy) | B4: tỷ đồng | C4: 28 | D4: đã gồm | E4: thuế VAT | F4: 0.1
D5: đã gồm | E5: thuế nhập khẩu | F5: 0.08
A6: Thiết bị phụ trợ trong nước | B6: tỷ đồng | C6: 6.6 | D6: đã gồm | E6: thuế VAT | F6: 0.1
A7: Lao động xây dựng | B7: tỷ đồng | C7: 5 | D7: trong đó | E7: LĐ thất nghiệp (WTA) | F7: 0.5 | G7: 0.6
E8: LĐ nông nhàn (WTA) | F8: 0.3 | G8: 0.7
E9: LĐ có việc (WTA) | F9: 0.2 | G9: 1
A10: Bồi thường đất | B10: tỷ đồng | C10: 7 | D10: nhưng | E10: đất bị bỏ không | F10: CF kinh tế = 0
A11: 2. Giai đoạn vận hành (Năm 1-8)
A12: Nhiên liệu xe thu gom | B12: tỷ đồng | C12: 2.2 | D12: đã gồm | E12: thuế VAT | F12: 0.1
D13: đã gồm | E13: thuế nhiên liệu | F13: 0.1 | G13: (tính sau VAT)
A14: Điện năng | B14: tỷ đồng | C14: 0.8 | D14: đã gồm | E14: trợ cấp (giảm giá) | F14: 0.1
D15: đã gồm | E15: thuế VAT | F15: 0.1
A16: Phụ liệu xử lý (nhập khẩu) | B16: tỷ đồng | C16: 1.4 | D16: đã gồm | E16: thuế VAT | F16: 0.1
D17: đã gồm | E17: thuế nhập khẩu | F17: 0.05
A18: Bao bì địa phương | B18: tỷ đồng | C18: 1.2 | D18: đã gồm | E18: thuế VAT | F18: 0.1
A19: Lao động vận hành | B19: tỷ đồng | C19: 3 | D19: trong đó | E19: LĐ thất nghiệp (WTA) | F19: 0.4 | G19: 0.6
E20: LĐ phi chính thức (WTA) | F20: 0.4 | G20: 0.75
E21: LĐ có việc (WTA) | F21: 0.2 | G21: 1
A22: Quản lý, bảo hiểm, hành chính | B22: tỷ đồng | C22: 0.9 | D22: trong đó | E22: lệ phí nhà nước | F22: 0.2
A23: Chôn lấp rác dư thừa | B23: tỷ đồng | C23: 1.26 | E23: chi phí kinh tế
A24: Chi phí cơ hội của đất | B24: tỷ đồng/năm | C24: 0.5 | E24: chi phí kinh tế
A25: 3. Đầu ra và Lợi ích
A26: Tổng rác thu gom, xử lý (dự án) | B26: tấn/năm | C26: 28000
A27: Rác thay thế bãi chôn lấp cũ | B27: tấn/năm | C27: 20000
A28: WTP rác tăng thêm (thấp) | B28: triệu đ/tấn | C28: 0.36
A29: WTP rác tăng thêm (cao) | B29: triệu đ/tấn | C29: 0.6
A30: Giá bán Compost | B30: triệu đ/tấn | C30: 0.77 | D30: đã gồm | E30: thuế VAT | F30: 0.1
A31: Sản lượng Compost | B31: tấn/năm | C31: 7000
A32: Giá bán Phế liệu tái chế | B32: triệu đ/tấn | C32: 2.1 | D32: đã gồm | E32: thuế VAT | F32: 0.05 | G32: Đề ghi 2100, quy đổi=2.1tr
A33: Sản lượng Phế liệu | B33: tấn/năm | C33: 1680
A34: Chi phí vận hành bãi cũ | B34: triệu đ/tấn | C34: 0.33 | D34: đã gồm | E34: thuế VAT | F34: 0.1
A35: Chi phí cơ hội bãi cũ | B35: triệu đ/tấn | C35: 0.04 | E35: chi phí kinh tế
A36: Chi phí ô nhiễm bãi cũ | B36: triệu đ/tấn | C36: 0.08 | E36: chi phí kinh tế
A37: 4. Thông số khác
A38: Giá trị còn lại | B38: Tỷ lệ % | C38: 0.15 | D38: của | E38: XD, thiết bị NK & nội
A39: Suất chiết khấu xã hội | B39: Tỷ lệ % | C39: 0.08

Sheet Bảng tính
A1: Hạng mục | B1: ĐVT | C1: 0 | D1: 1 | E1: 2 | F1: 3 | G1: 4 | H1: 5 | I1: 6 | J1: 7 | K1: 8
A2: I. LỢI ÍCH KINH TẾ | B2: tỷ đồng/năm
A3: 1. Rác tăng thêm (WTP) | B3: tỷ đồng | C3: 0 | D3: =('Bảng thông số'!$C$26-'Bảng thông số'!$C$27)*('Bảng thông số'!$C$28+'Bảng thông số'!$C$29)/2/1000 -> 3.84 | E3: =('Bảng thông số'!$C$26-'Bảng thông số'!$C$27)*('Bảng thông số'!$C$28+'Bảng thông số'!$C$29)/2/1000 -> 3.84 | F3: =('Bảng thông số'!$C$26-'Bảng thông số'!$C$27)*('Bảng thông số'!$C$28+'Bảng thông số'!$C$29)/2/1000 -> 3.84 | G3: =('Bảng thông số'!$C$26-'Bảng thông số'!$C$27)*('Bảng thông số'!$C$28+'Bảng thông số'!$C$29)/2/1000 -> 3.84 | H3: =('Bảng thông số'!$C$26-'Bảng thông số'!$C$27)*('Bảng thông số'!$C$28+'Bảng thông số'!$C$29)/2/1000 -> 3.84 | I3: =('Bảng thông số'!$C$26-'Bảng thông số'!$C$27)*('Bảng thông số'!$C$28+'Bảng thông số'!$C$29)/2/1000 -> 3.84 | J3: =('Bảng thông số'!$C$26-'Bảng thông số'!$C$27)*('Bảng thông số'!$C$28+'Bảng thông số'!$C$29)/2/1000 -> 3.84 | K3: =('Bảng thông số'!$C$26-'Bảng thông số'!$C$27)*('Bảng thông số'!$C$28+'Bảng thông số'!$C$29)/2/1000 -> 3.84
A4: 2. Rác thay thế (tiết kiệm chi phí cũ) | B4: tỷ đồng | C4: 0 | D4: =SUM(D5:D7) -> 8.4 | E4: =SUM(E5:E7) -> 8.4 | F4: =SUM(F5:F7) -> 8.4 | G4: =SUM(G5:G7) -> 8.4 | H4: =SUM(H5:H7) -> 8.4 | I4: =SUM(I5:I7) -> 8.4 | J4: =SUM(J5:J7) -> 8.4 | K4: =SUM(K5:K7) -> 8.4
A5: - Tiết kiệm vận hành | B5: tỷ đồng | C5: 0 | D5: ='Bảng thông số'!$C$27*('Bảng thông số'!$C$34/(1+'Bảng thông số'!$F$34))/1000 -> 6 | E5: ='Bảng thông số'!$C$27*('Bảng thông số'!$C$34/(1+'Bảng thông số'!$F$34))/1000 -> 6 | F5: ='Bảng thông số'!$C$27*('Bảng thông số'!$C$34/(1+'Bảng thông số'!$F$34))/1000 -> 6 | G5: ='Bảng thông số'!$C$27*('Bảng thông số'!$C$34/(1+'Bảng thông số'!$F$34))/1000 -> 6 | H5: ='Bảng thông số'!$C$27*('Bảng thông số'!$C$34/(1+'Bảng thông số'!$F$34))/1000 -> 6 | I5: ='Bảng thông số'!$C$27*('Bảng thông số'!$C$34/(1+'Bảng thông số'!$F$34))/1000 -> 6 | J5: ='Bảng thông số'!$C$27*('Bảng thông số'!$C$34/(1+'Bảng thông số'!$F$34))/1000 -> 6 | K5: ='Bảng thông số'!$C$27*('Bảng thông số'!$C$34/(1+'Bảng thông số'!$F$34))/1000 -> 6
A6: - Tiết kiệm đất | B6: tỷ đồng | C6: 0 | D6: ='Bảng thông số'!$C$27*'Bảng thông số'!$C$35/1000 -> 0.8 | E6: ='Bảng thông số'!$C$27*'Bảng thông số'!$C$35/1000 -> 0.8 | F6: ='Bảng thông số'!$C$27*'Bảng thông số'!$C$35/1000 -> 0.8 | G6: ='Bảng thông số'!$C$27*'Bảng thông số'!$C$35/1000 -> 0.8 | H6: ='Bảng thông số'!$C$27*'Bảng thông số'!$C$35/1000 -> 0.8 | I6: ='Bảng thông số'!$C$27*'Bảng thông số'!$C$35/1000 -> 0.8 | J6: ='Bảng thông số'!$C$27*'Bảng thông số'!$C$35/1000 -> 0.8 | K6: ='Bảng thông số'!$C$27*'Bảng thông số'!$C$35/1000 -> 0.8
A7: - Tiết kiệm ô nhiễm | B7: tỷ đồng | C7: 0 | D7: ='Bảng thông số'!$C$27*'Bảng thông số'!$C$36/1000 -> 1.6 | E7: ='Bảng thông số'!$C$27*'Bảng thông số'!$C$36/1000 -> 1.6 | F7: ='Bảng thông số'!$C$27*'Bảng thông số'!$C$36/1000 -> 1.6 | G7: ='Bảng thông số'!$C$27*'Bảng thông số'!$C$36/1000 -> 1.6 | H7: ='Bảng thông số'!$C$27*'Bảng thông số'!$C$36/1000 -> 1.6 | I7: ='Bảng thông số'!$C$27*'Bảng thông số'!$C$36/1000 -> 1.6 | J7: ='Bảng thông số'!$C$27*'Bảng thông số'!$C$36/1000 -> 1.6 | K7: ='Bảng thông số'!$C$27*'Bảng thông số'!$C$36/1000 -> 1.6
A8: 3. Bán phụ phẩm | B8: tỷ đồng | C8: 0 | D8: =SUM(D9:D10) -> 8.26 | E8: =SUM(E9:E10) -> 8.26 | F8: =SUM(F9:F10) -> 8.26 | G8: =SUM(G9:G10) -> 8.26 | H8: =SUM(H9:H10) -> 8.26 | I8: =SUM(I9:I10) -> 8.26 | J8: =SUM(J9:J10) -> 8.26 | K8: =SUM(K9:K10) -> 8.26
A9: - Compost | B9: tỷ đồng | C9: 0 | D9: ='Bảng thông số'!$C$31*('Bảng thông số'!$C$30/(1+'Bảng thông số'!$F$30))/1000 -> 4.9 | E9: ='Bảng thông số'!$C$31*('Bảng thông số'!$C$30/(1+'Bảng thông số'!$F$30))/1000 -> 4.9 | F9: ='Bảng thông số'!$C$31*('Bảng thông số'!$C$30/(1+'Bảng thông số'!$F$30))/1000 -> 4.9 | G9: ='Bảng thông số'!$C$31*('Bảng thông số'!$C$30/(1+'Bảng thông số'!$F$30))/1000 -> 4.9 | H9: ='Bảng thông số'!$C$31*('Bảng thông số'!$C$30/(1+'Bảng thông số'!$F$30))/1000 -> 4.9 | I9: ='Bảng thông số'!$C$31*('Bảng thông số'!$C$30/(1+'Bảng thông số'!$F$30))/1000 -> 4.9 | J9: ='Bảng thông số'!$C$31*('Bảng thông số'!$C$30/(1+'Bảng thông số'!$F$30))/1000 -> 4.9 | K9: ='Bảng thông số'!$C$31*('Bảng thông số'!$C$30/(1+'Bảng thông số'!$F$30))/1000 -> 4.9
A10: - Phế liệu tái chế | B10: tỷ đồng | C10: 0 | D10: ='Bảng thông số'!$C$33*('Bảng thông số'!$C$32/(1+'Bảng thông số'!$F$32))/1000 -> 3.36 | E10: ='Bảng thông số'!$C$33*('Bảng thông số'!$C$32/(1+'Bảng thông số'!$F$32))/1000 -> 3.36 | F10: ='Bảng thông số'!$C$33*('Bảng thông số'!$C$32/(1+'Bảng thông số'!$F$32))/1000 -> 3.36 | G10: ='Bảng thông số'!$C$33*('Bảng thông số'!$C$32/(1+'Bảng thông số'!$F$32))/1000 -> 3.36 | H10: ='Bảng thông số'!$C$33*('Bảng thông số'!$C$32/(1+'Bảng thông số'!$F$32))/1000 -> 3.36 | I10: ='Bảng thông số'!$C$33*('Bảng thông số'!$C$32/(1+'Bảng thông số'!$F$32))/1000 -> 3.36 | J10: ='Bảng thông số'!$C$33*('Bảng thông số'!$C$32/(1+'Bảng thông số'!$F$32))/1000 -> 3.36 | K10: ='Bảng thông số'!$C$33*('Bảng thông số'!$C$32/(1+'Bảng thông số'!$F$32))/1000 -> 3.36
A11: 4. Giá trị còn lại | B11: tỷ đồng | C11: 0 | D11: 0 | E11: 0 | F11: 0 | G11: 0 | H11: 0 | I11: 0 | J11: 0 | K11: ='Bảng thông số'!$C$38*('Bảng thông số'!$C$3/(1+'Bảng thông số'!$F$3) + 'Bảng thông số'!$C$4/((1+'Bảng thông số'!$F$4)*(1+'Bảng thông số'!$F$5)) + 'Bảng thông số'!$C$6/(1+'Bảng thông số'!$F$6)) -> 8.5262626
A12: TỔNG LỢI ÍCH (B) | B12: tỷ đồng | C12: =SUM(C3:C11) -> 0 | D12: =SUM(D3:D11) -> 37.16 | E12: =SUM(E3:E11) -> 37.16 | F12: =SUM(F3:F11) -> 37.16 | G12: =SUM(G3:G11) -> 37.16 | H12: =SUM(H3:H11) -> 37.16 | I12: =SUM(I3:I11) -> 37.16 | J12: =SUM(J3:J11) -> 37.16 | K12: =SUM(K3:K11) -> 45.686263
A13: II. CHI PHÍ KINH TẾ | B13: tỷ đồng/năm
A14: 1. Giai đoạn xây dựng (Năm 0) | B14: tỷ đồng | C14: =SUM(C15:C19) -> 60.391751 | D14: 0 | E14: 0 | F14: 0 | G14: 0 | H14: 0 | I14: 0 | J14: 0 | K14: 0
A15: - Xây dựng nhà xưởng | B15: tỷ đồng | C15: ='Bảng thông số'!$C$3/(1+'Bảng thông số'!$F$3) -> 27.272727 | D15: 0 | E15: 0 | F15: 0 | G15: 0 | H15: 0 | I15: 0 | J15: 0 | K15: 0
A16: - Thiết bị nhập khẩu | B16: tỷ đồng | C16: ='Bảng thông số'!$C$4/((1+'Bảng thông số'!$F$4)*(1+'Bảng thông số'!$F$5)) -> 23.569024 | D16: 0 | E16: 0 | F16: 0 | G16: 0 | H16: 0 | I16: 0 | J16: 0 | K16: 0
A17: - Thiết bị phụ trợ | B17: tỷ đồng | C17: ='Bảng thông số'!$C$6/(1+'Bảng thông số'!$F$6) -> 6 | D17: 0 | E17: 0 | F17: 0 | G17: 0 | H17: 0 | I17: 0 | J17: 0 | K17: 0
A18: - Lao động xây dựng | B18: tỷ đồng | C18: ='Bảng thông số'!$C$7*('Bảng thông số'!$F$7*'Bảng thông số'!$G$7 + 'Bảng thông số'!$F$8*'Bảng thông số'!$G$8 + 'Bảng thông số'!$F$9*'Bảng thông số'!$G$9) -> 3.55 | D18: 0 | E18: 0 | F18: 0 | G18: 0 | H18: 0 | I18: 0 | J18: 0 | K18: 0
A19: - Bồi thường đất (KT=0) | B19: tỷ đồng | C19: =0 -> 0 | D19: 0 | E19: 0 | F19: 0 | G19: 0 | H19: 0 | I19: 0 | J19: 0 | K19: 0
A20: 2. Giai đoạn vận hành (Năm 1-8) | B20: tỷ đồng | C20: 0 | D20: =SUM(D21:D28) -> 9.6092929 | E20: =SUM(E21:E28) -> 9.6092929 | F20: =SUM(F21:F28) -> 9.6092929 | G20: =SUM(G21:G28) -> 9.6092929 | H20: =SUM(H21:H28) -> 9.6092929 | I20: =SUM(I21:I28) -> 9.6092929 | J20: =SUM(J21:J28) -> 9.6092929 | K20: =SUM(K21:K28) -> 9.6092929
A21: - Nhiên liệu | B21: tỷ đồng | C21: 0 | D21: ='Bảng thông số'!$C$12/((1+'Bảng thông số'!$F$12)*(1+'Bảng thông số'!$F$13)) -> 1.8181818 | E21: ='Bảng thông số'!$C$12/((1+'Bảng thông số'!$F$12)*(1+'Bảng thông số'!$F$13)) -> 1.8181818 | F21: ='Bảng thông số'!$C$12/((1+'Bảng thông số'!$F$12)*(1+'Bảng thông số'!$F$13)) -> 1.8181818 | G21: ='Bảng thông số'!$C$12/((1+'Bảng thông số'!$F$12)*(1+'Bảng thông số'!$F$13)) -> 1.8181818 | H21: ='Bảng thông số'!$C$12/((1+'Bảng thông số'!$F$12)*(1+'Bảng thông số'!$F$13)) -> 1.8181818 | I21: ='Bảng thông số'!$C$12/((1+'Bảng thông số'!$F$12)*(1+'Bảng thông số'!$F$13)) -> 1.8181818 | J21: ='Bảng thông số'!$C$12/((1+'Bảng thông số'!$F$12)*(1+'Bảng thông số'!$F$13)) -> 1.8181818 | K21: ='Bảng thông số'!$C$12/((1+'Bảng thông số'!$F$12)*(1+'Bảng thông số'!$F$13)) -> 1.8181818
A22: - Điện (bù trừ trợ cấp, VAT) | B22: tỷ đồng | C22: 0 | D22: ='Bảng thông số'!$C$14/((1-'Bảng thông số'!$F$14)*(1+'Bảng thông số'!$F$15)) -> 0.80808081 | E22: ='Bảng thông số'!$C$14/((1-'Bảng thông số'!$F$14)*(1+'Bảng thông số'!$F$15)) -> 0.80808081 | F22: ='Bảng thông số'!$C$14/((1-'Bảng thông số'!$F$14)*(1+'Bảng thông số'!$F$15)) -> 0.80808081 | G22: ='Bảng thông số'!$C$14/((1-'Bảng thông số'!$F$14)*(1+'Bảng thông số'!$F$15)) -> 0.80808081 | H22: ='Bảng thông số'!$C$14/((1-'Bảng thông số'!$F$14)*(1+'Bảng thông số'!$F$15)) -> 0.80808081 | I22: ='Bảng thông số'!$C$14/((1-'Bảng thông số'!$F$14)*(1+'Bảng thông số'!$F$15)) -> 0.80808081 | J22: ='Bảng thông số'!$C$14/((1-'Bảng thông số'!$F$14)*(1+'Bảng thông số'!$F$15)) -> 0.80808081 | K22: ='Bảng thông số'!$C$14/((1-'Bảng thông số'!$F$14)*(1+'Bảng thông số'!$F$15)) -> 0.80808081
A23: - Phụ liệu nhập khẩu | B23: tỷ đồng | C23: 0 | D23: ='Bảng thông số'!$C$16/((1+'Bảng thông số'!$F$16)*(1+'Bảng thông số'!$F$17)) -> 1.2121212 | E23: ='Bảng thông số'!$C$16/((1+'Bảng thông số'!$F$16)*(1+'Bảng thông số'!$F$17)) -> 1.2121212 | F23: ='Bảng thông số'!$C$16/((1+'Bảng thông số'!$F$16)*(1+'Bảng thông số'!$F$17)) -> 1.2121212 | G23: ='Bảng thông số'!$C$16/((1+'Bảng thông số'!$F$16)*(1+'Bảng thông số'!$F$17)) -> 1.2121212 | H23: ='Bảng thông số'!$C$16/((1+'Bảng thông số'!$F$16)*(1+'Bảng thông số'!$F$17)) -> 1.2121212 | I23: ='Bảng thông số'!$C$16/((1+'Bảng thông số'!$F$16)*(1+'Bảng thông số'!$F$17)) -> 1.2121212 | J23: ='Bảng thông số'!$C$16/((1+'Bảng thông số'!$F$16)*(1+'Bảng thông số'!$F$17)) -> 1.2121212 | K23: ='Bảng thông số'!$C$16/((1+'Bảng thông số'!$F$16)*(1+'Bảng thông số'!$F$17)) -> 1.2121212
A24: - Bao bì | B24: tỷ đồng | C24: 0 | D24: ='Bảng thông số'!$C$18/(1+'Bảng thông số'!$F$18) -> 1.0909091 | E24: ='Bảng thông số'!$C$18/(1+'Bảng thông số'!$F$18) -> 1.0909091 | F24: ='Bảng thông số'!$C$18/(1+'Bảng thông số'!$F$18) -> 1.0909091 | G24: ='Bảng thông số'!$C$18/(1+'Bảng thông số'!$F$18) -> 1.0909091 | H24: ='Bảng thông số'!$C$18/(1+'Bảng thông số'!$F$18) -> 1.0909091 | I24: ='Bảng thông số'!$C$18/(1+'Bảng thông số'!$F$18) -> 1.0909091 | J24: ='Bảng thông số'!$C$18/(1+'Bảng thông số'!$F$18) -> 1.0909091 | K24: ='Bảng thông số'!$C$18/(1+'Bảng thông số'!$F$18) -> 1.0909091
A25: - Lao động vận hành | B25: tỷ đồng | C25: 0 | D25: ='Bảng thông số'!$C$19*('Bảng thông số'!$F$19*'Bảng thông số'!$G$19 + 'Bảng thông số'!$F$20*'Bảng thông số'!$G$20 + 'Bảng thông số'!$F$21*'Bảng thông số'!$G$21) -> 2.22 | E25: ='Bảng thông số'!$C$19*('Bảng thông số'!$F$19*'Bảng thông số'!$G$19 + 'Bảng thông số'!$F$20*'Bảng thông số'!$G$20 + 'Bảng thông số'!$F$21*'Bảng thông số'!$G$21) -> 2.22 | F25: ='Bảng thông số'!$C$19*('Bảng thông số'!$F$19*'Bảng thông số'!$G$19 + 'Bảng thông số'!$F$20*'Bảng thông số'!$G$20 + 'Bảng thông số'!$F$21*'Bảng thông số'!$G$21) -> 2.22 | G25: ='Bảng thông số'!$C$19*('Bảng thông số'!$F$19*'Bảng thông số'!$G$19 + 'Bảng thông số'!$F$20*'Bảng thông số'!$G$20 + 'Bảng thông số'!$F$21*'Bảng thông số'!$G$21) -> 2.22 | H25: ='Bảng thông số'!$C$19*('Bảng thông số'!$F$19*'Bảng thông số'!$G$19 + 'Bảng thông số'!$F$20*'Bảng thông số'!$G$20 + 'Bảng thông số'!$F$21*'Bảng thông số'!$G$21) -> 2.22 | I25: ='Bảng thông số'!$C$19*('Bảng thông số'!$F$19*'Bảng thông số'!$G$19 + 'Bảng thông số'!$F$20*'Bảng thông số'!$G$20 + 'Bảng thông số'!$F$21*'Bảng thông số'!$G$21) -> 2.22 | J25: ='Bảng thông số'!$C$19*('Bảng thông số'!$F$19*'Bảng thông số'!$G$19 + 'Bảng thông số'!$F$20*'Bảng thông số'!$G$20 + 'Bảng thông số'!$F$21*'Bảng thông số'!$G$21) -> 2.22 | K25: ='Bảng thông số'!$C$19*('Bảng thông số'!$F$19*'Bảng thông số'!$G$19 + 'Bảng thông số'!$F$20*'Bảng thông số'!$G$20 + 'Bảng thông số'!$F$21*'Bảng thông số'!$G$21) -> 2.22
A26: - Quản lý (đã trừ phí NN) | B26: tỷ đồng | C26: 0 | D26: ='Bảng thông số'!$C$22 - 'Bảng thông số'!$F$22 -> 0.7 | E26: ='Bảng thông số'!$C$22 - 'Bảng thông số'!$F$22 -> 0.7 | F26: ='Bảng thông số'!$C$22 - 'Bảng thông số'!$F$22 -> 0.7 | G26: ='Bảng thông số'!$C$22 - 'Bảng thông số'!$F$22 -> 0.7 | H26: ='Bảng thông số'!$C$22 - 'Bảng thông số'!$F$22 -> 0.7 | I26: ='Bảng thông số'!$C$22 - 'Bảng thông số'!$F$22 -> 0.7 | J26: ='Bảng thông số'!$C$22 - 'Bảng thông số'!$F$22 -> 0.7 | K26: ='Bảng thông số'!$C$22 - 'Bảng thông số'!$F$22 -> 0.7
A27: - Chôn lấp rác dư | B27: tỷ đồng | C27: 0 | D27: ='Bảng thông số'!$C$23 -> 1.26 | E27: ='Bảng thông số'!$C$23 -> 1.26 | F27: ='Bảng thông số'!$C$23 -> 1.26 | G27: ='Bảng thông số'!$C$23 -> 1.26 | H27: ='Bảng thông số'!$C$23 -> 1.26 | I27: ='Bảng thông số'!$C$23 -> 1.26 | J27: ='Bảng thông số'!$C$23 -> 1.26 | K27: ='Bảng thông số'!$C$23 -> 1.26
A28: - Chi phí cơ hội đất | B28: tỷ đồng | C28: 0 | D28: ='Bảng thông số'!$C$24 -> 0.5 | E28: ='Bảng thông số'!$C$24 -> 0.5 | F28: ='Bảng thông số'!$C$24 -> 0.5 | G28: ='Bảng thông số'!$C$24 -> 0.5 | H28: ='Bảng thông số'!$C$24 -> 0.5 | I28: ='Bảng thông số'!$C$24 -> 0.5 | J28: ='Bảng thông số'!$C$24 -> 0.5 | K28: ='Bảng thông số'!$C$24 -> 0.5
A29: TỔNG CHI PHÍ (C) | B29: tỷ đồng | C29: =C14+C20 -> 60.391751 | D29: =D14+D20 -> 9.6092929 | E29: =E14+E20 -> 9.6092929 | F29: =F14+F20 -> 9.6092929 | G29: =G14+G20 -> 9.6092929 | H29: =H14+H20 -> 9.6092929 | I29: =I14+I20 -> 9.6092929 | J29: =J14+J20 -> 9.6092929 | K29: =K14+K20 -> 9.6092929
A30: III. LỢI ÍCH RÒNG | B30: tỷ đồng
A31: LỢI ÍCH RÒNG (B - C) | B31: tỷ đồng | C31: =C12-C29 -> -60.391751 | D31: =D12-D29 -> 27.550707 | E31: =E12-E29 -> 27.550707 | F31: =F12-F29 -> 27.550707 | G31: =G12-G29 -> 27.550707 | H31: =H12-H29 -> 27.550707 | I31: =I12-I29 -> 27.550707 | J31: =J12-J29 -> 27.550707 | K31: =K12-K29 -> 36.07697
A32: IV. CHỈ TIÊU KINH TẾ
A33: Suất chiết khấu | B33: % | C33: ='Bảng thông số'!$C$39 -> 0.08
A34: NPV | B34: tỷ đồng | C34: =NPV(C33, D31:K31) + C31 -> 102.53869
A35: NPV Lợi Ích (B) | B35: tỷ đồng | C35: =NPV(C33, D12:K12) + C12 -> 218.15158
A36: NPV Chi Phí (C) | B36: tỷ đồng | C36: =NPV(C33, D29:K29) + C29 -> 115.61289
A37: B/C | B37: lần | C37: =C35/C36 -> 1.886914
A38: Phụ trợ: Tổng rác xử lý | B38: tấn/năm | C38: 0 | D38: ='Bảng thông số'!$C$26 -> 28000 | E38: ='Bảng thông số'!$C$26 -> 28000 | F38: ='Bảng thông số'!$C$26 -> 28000 | G38: ='Bảng thông số'!$C$26 -> 28000 | H38: ='Bảng thông số'!$C$26 -> 28000 | I38: ='Bảng thông số'!$C$26 -> 28000 | J38: ='Bảng thông số'!$C$26 -> 28000 | K38: ='Bảng thông số'!$C$26 -> 28000
A39: Giá KT xử lý 1 tấn rác | B39: đồng/tấn | C39: =(C36 * 10^9) / NPV(C33, D38:K38) -> 718512.46
