Workbook

Sheet Du an 2
A1: Đề 02 Một bệnh viện công dự kiến lắp đặt hệ thống điện mặt trời áp mái 2 MWp để tự dùng điện. Thời gian vận hành 8 năm, tỉ lệ chiết khấu xã hội là 8%. Dự án được đầu tư lắp đặt trong năm 0 với các chi phí: - Tấm pin, thiết bị inverter được nhập khẩu với giá 22 tỷ đồng, gồm thuế nhập khẩu 5% và VAT 10%. - Khung đỡ và dây dẫn với giá 5,5 tỷ đồng sau thuế VAT 10%. - Lao động lắp đặt 2,4 tỷ đồng, gồm 50% lao động thất nghiệp kỹ thuật có mức tiền công sẵn lòng nhận là 70% tiền công trong dự án, 50% lao động đang có việc làm tương tự như dự án. - Đào tạo và giấy phép với chi phí 0,6 tỷ đồng, trong đó 0,2 tỷ đồng là lệ phí nhà nước, còn lại là chi phí nguồn lực thực. Giá trị còn lại vào cuối dự án của tấm pin mặt trời, thiết bị inverter, khung đỡ là 15% giá trị kinh tế. Trong quá trình vận hành, hàng năm phát sinh thêm các chi phí: - Bảo trì, vệ sinh khoảng 0,45 tỷ đồng, đã bao gồm VAT 10%. - Lao động vận hành 0,35 tỷ đồng, trong đó có 30% là lao động thất nghiêp có mức tiền lương sẵn lòng nhận là 60% mức tiền lương thực tế và 70% là lao động đang có việc làm tương tự như dự án. - Bảo hiểm, quản lý 0,25 tỷ đồng, trong đó 0,15 tỷ đồng là chi phí nguồn lực thực. - Nước vệ sinh pin là 0,08 tỷ đồng, chi phí này cũng là chi phí nguồn lực thực. - Thay thiết bị inverter vào năm 5 tốn 3,3 tỷ đồng, giá đã gồm 5% thuế nhập khẩu và VAT 10%. Khi hoàn thành, hệ thống này tạo ra 2,8 triệu kWh điện hàng năm giúp thay thế 2,2 triệu kWh điện lưới đang dùng, đồng thời bổ sung thêm 0,6 triệu kWh điện nên cho phép sử dụng thêm các thiết bị mới, kho lạnh dược phẩm và chiếu sáng phụ trợ. Trước đây, bệnh viện đã sẵn sàng trả khoảng 1.800 đến 2.300 đồng/kWh để được cung cấp thêm điện, nhưng đây là mặt hàng kiểm soát giá và còn hạn chế về sản xuất nên gần như điện lưới không đủ cung ứng cho nhu cầu sử dụng thêm các thiết bị này. Khi sử dụng điện lưới, ngoài chi phí điện phải trả, bệnh viện còn tốn thêm chi phí phát điện khoảng 1.650 đồng/kWh, chưa gồm thuế VAT 10%. Bệnh viện cũng tốn chi phí tăng công suất 250 đồng/kWh. Trong quá trình sử dụng điện lưới, lượng điện bị thất thoát truyền tải ước tính chi phí bình quân khoảng 82,5 đồng/kWh. Nếu không sử dụng điện lưới, lượng phát thải CO2 tránh được là 0,75 kg CO2/kWh nên xã hội tránh được 650.000 đồng/tấn CO2. 1/ Nhận dạng lợi ích và chi phí có thể có của dự án. (2 điểm) 2/ Lập bảng thông số của dự án. (2 điểm) 3/ Lập bảng tính lợi ích kinh tế hàng năm của dự án, chi phí kinh tế của mỗi loại đầu vào trong năm xây dựng và trong năm vận hành. (3.75 điểm) 4/ Tính NPV và B/C của dự án. Diễn giải kết quả dự án (1.5 điểm) 5/ Tính giá kinh tế của điện mặt trời. (0.75 điểm)

Sheet Bảng thông số
A1: Chỉ tiêu | B1: Đvt | C1: Giá trị | D1: Ghi chú 1 | E1: Ghi chú 2 | F1: Ghi chú 3 | G1: Ghi chú 4
A2: 1. Giai đoạn xây dựng (Năm 0)
A3: Tấm pin, thiết bị inverter | B3: tỷ đồng | C3: 22 | D3: đã gồm | E3: thuế VAT | F3: 0.1
E4: thuế nhập khẩu | F4: 0.05
A5: Khung đỡ, dây dẫn | B5: tỷ đồng | C5: 5.5 | D5: đã gồm | E5: thuế VAT | F5: 0.1
A6: Lao động lắp đặt | B6: tỷ đồng | C6: 2.4 | D6: trong đó | E6: LĐ thất nghiệp (WTA) | F6: 0.5 | G6: 0.7
E7: LĐ có việc làm (WTA) | F7: 0.5 | G7: 1
A8: Đào tạo, giấy phép | B8: tỷ đồng | C8: 0.6 | D8: trong đó | E8: chi phí nguồn lực thực | F8: 0.4
A9: 2. Giai đoạn vận hành (Năm 1-8)
A10: Bảo trì, vệ sinh | B10: tỷ đồng/năm | C10: 0.45 | D10: đã gồm | E10: thuế VAT | F10: 0.1
A11: Lao động vận hành | B11: tỷ đồng/năm | C11: 0.35 | D11: trong đó | E11: LĐ thất nghiệp (WTA) | F11: 0.3 | G11: 0.6
E12: LĐ có việc làm (WTA) | F12: 0.7 | G12: 1
A13: Bảo hiểm, quản lý | B13: tỷ đồng/năm | C13: 0.25 | D13: trong đó | E13: chi phí nguồn lực thực | F13: 0.15
A14: Nước vệ sinh pin | B14: tỷ đồng/năm | C14: 0.08 | D14: trong đó | E14: chi phí nguồn lực thực | F14: 0.08
A15: 3. Chi phí thay thế (Năm 5)
A16: Thay Inverter | B16: tỷ đồng | C16: 3.3 | D16: đã gồm | E16: thuế VAT | F16: 0.1
E17: thuế nhập khẩu | F17: 0.05
A18: 4. Đầu ra và Lợi ích
A19: Sản lượng điện tạo ra (tổng) | B19: triệu kWh/năm | C19: 2.8
A20: Sản lượng điện thay thế lưới | B20: triệu kWh/năm | C20: 2.2
A21: Giá sẵn lòng trả (WTP) - Mức thấp | B21: đồng/kWh | C21: 1800
A22: Giá sẵn lòng trả (WTP) - Mức cao | B22: đồng/kWh | C22: 2300
A23: Chi phí phát điện | B23: đồng/kWh | C23: 1650 | D23: chưa VAT | E23: thay thế
A24: Chi phí tăng công suất | B24: đồng/kWh | C24: 250 | D24: chưa VAT | E24: thay thế
A25: Chi phí thất thoát truyền tải | B25: đồng/kWh | C25: 82.5 | D25: chưa VAT | E25: thay thế
A26: Lượng phát thải CO2 tránh được | B26: kg CO2/kWh | C26: 0.75 | D26: áp dụng cho | E26: điện thay thế
A27: Giá trị CO2 xã hội tránh được | B27: đồng/tấn CO2 | C27: 650000
A28: 5. Thông số khác
A29: Giá trị còn lại | B29: Tỷ lệ % | C29: 0.15 | D29: trên | E29: giá trị KT ban đầu | F29: của pin, khung
A30: Suất chiết khấu xã hội | B30: Tỷ lệ % | C30: 0.08

Sheet Bảng tính
A1: Hạng mục | B1: ĐVT | C1: 0 | D1: 1 | E1: 2 | F1: 3 | G1: 4 | H1: 5 | I1: 6 | J1: 7 | K1: 8
A2: I. LỢI ÍCH KINH TẾ | B2: tỷ đồng/năm
A3: 1. Giá trị sản lượng điện tăng thêm | B3: tỷ đồng/năm | C3: 0 | D3: =('Bảng thông số'!$C$19 - 'Bảng thông số'!$C$20) * (('Bảng thông số'!$C$21 + 'Bảng thông số'!$C$22)/2) / 1000 -> 1.23 | E3: =('Bảng thông số'!$C$19 - 'Bảng thông số'!$C$20) * (('Bảng thông số'!$C$21 + 'Bảng thông số'!$C$22)/2) / 1000 -> 1.23 | F3: =('Bảng thông số'!$C$19 - 'Bảng thông số'!$C$20) * (('Bảng thông số'!$C$21 + 'Bảng thông số'!$C$22)/2) / 1000 -> 1.23 | G3: =('Bảng thông số'!$C$19 - 'Bảng thông số'!$C$20) * (('Bảng thông số'!$C$21 + 'Bảng thông số'!$C$22)/2) / 1000 -> 1.23 | H3: =('Bảng thông số'!$C$19 - 'Bảng thông số'!$C$20) * (('Bảng thông số'!$C$21 + 'Bảng thông số'!$C$22)/2) / 1000 -> 1.23 | I3: =('Bảng thông số'!$C$19 - 'Bảng thông số'!$C$20) * (('Bảng thông số'!$C$21 + 'Bảng thông số'!$C$22)/2) / 1000 -> 1.23 | J3: =('Bảng thông số'!$C$19 - 'Bảng thông số'!$C$20) * (('Bảng thông số'!$C$21 + 'Bảng thông số'!$C$22)/2) / 1000 -> 1.23 | K3: =('Bảng thông số'!$C$19 - 'Bảng thông số'!$C$20) * (('Bảng thông số'!$C$21 + 'Bảng thông số'!$C$22)/2) / 1000 -> 1.23
A4: 2. Giá trị chi phí nguồn lực tiết kiệm được (điện thay thế) | B4: tỷ đồng/năm | C4: 0 | D4: ='Bảng thông số'!$C$20 * ('Bảng thông số'!$C$23 + 'Bảng thông số'!$C$24 + 'Bảng thông số'!$C$25) / 1000 -> 4.3615 | E4: ='Bảng thông số'!$C$20 * ('Bảng thông số'!$C$23 + 'Bảng thông số'!$C$24 + 'Bảng thông số'!$C$25) / 1000 -> 4.3615 | F4: ='Bảng thông số'!$C$20 * ('Bảng thông số'!$C$23 + 'Bảng thông số'!$C$24 + 'Bảng thông số'!$C$25) / 1000 -> 4.3615 | G4: ='Bảng thông số'!$C$20 * ('Bảng thông số'!$C$23 + 'Bảng thông số'!$C$24 + 'Bảng thông số'!$C$25) / 1000 -> 4.3615 | H4: ='Bảng thông số'!$C$20 * ('Bảng thông số'!$C$23 + 'Bảng thông số'!$C$24 + 'Bảng thông số'!$C$25) / 1000 -> 4.3615 | I4: ='Bảng thông số'!$C$20 * ('Bảng thông số'!$C$23 + 'Bảng thông số'!$C$24 + 'Bảng thông số'!$C$25) / 1000 -> 4.3615 | J4: ='Bảng thông số'!$C$20 * ('Bảng thông số'!$C$23 + 'Bảng thông số'!$C$24 + 'Bảng thông số'!$C$25) / 1000 -> 4.3615 | K4: ='Bảng thông số'!$C$20 * ('Bảng thông số'!$C$23 + 'Bảng thông số'!$C$24 + 'Bảng thông số'!$C$25) / 1000 -> 4.3615
A5: 3. Lợi ích môi trường (giảm phát thải CO2) | B5: tỷ đồng/năm | C5: 0 | D5: ='Bảng thông số'!$C$20 * 'Bảng thông số'!$C$26 * 'Bảng thông số'!$C$27 / 1000000 -> 1.0725 | E5: ='Bảng thông số'!$C$20 * 'Bảng thông số'!$C$26 * 'Bảng thông số'!$C$27 / 1000000 -> 1.0725 | F5: ='Bảng thông số'!$C$20 * 'Bảng thông số'!$C$26 * 'Bảng thông số'!$C$27 / 1000000 -> 1.0725 | G5: ='Bảng thông số'!$C$20 * 'Bảng thông số'!$C$26 * 'Bảng thông số'!$C$27 / 1000000 -> 1.0725 | H5: ='Bảng thông số'!$C$20 * 'Bảng thông số'!$C$26 * 'Bảng thông số'!$C$27 / 1000000 -> 1.0725 | I5: ='Bảng thông số'!$C$20 * 'Bảng thông số'!$C$26 * 'Bảng thông số'!$C$27 / 1000000 -> 1.0725 | J5: ='Bảng thông số'!$C$20 * 'Bảng thông số'!$C$26 * 'Bảng thông số'!$C$27 / 1000000 -> 1.0725 | K5: ='Bảng thông số'!$C$20 * 'Bảng thông số'!$C$26 * 'Bảng thông số'!$C$27 / 1000000 -> 1.0725
A6: 4. Giá trị còn lại | B6: tỷ đồng | C6: 0 | D6: 0 | E6: 0 | F6: 0 | G6: 0 | H6: 0 | I6: 0 | J6: 0 | K6: ='Bảng thông số'!$C$29 * ('Bảng thông số'!$C$3/((1+'Bảng thông số'!$F$3)*(1+'Bảng thông số'!$F$4)) + 'Bảng thông số'!$C$5/(1+'Bảng thông số'!$F$5)) -> 3.6071429
A7: TỔNG LỢI ÍCH (B) | B7: tỷ đồng/năm | C7: =SUM(C3:C6) -> 0 | D7: =SUM(D3:D6) -> 6.664 | E7: =SUM(E3:E6) -> 6.664 | F7: =SUM(F3:F6) -> 6.664 | G7: =SUM(G3:G6) -> 6.664 | H7: =SUM(H3:H6) -> 6.664 | I7: =SUM(I3:I6) -> 6.664 | J7: =SUM(J3:J6) -> 6.664 | K7: =SUM(K3:K6) -> 10.271143
A8: II. CHI PHÍ KINH TẾ | B8: tỷ đồng/năm
A9: 1. Giai đoạn xây dựng | B9: tỷ đồng | C9: =SUM(C10:C13) -> 26.487619 | D9: 0 | E9: 0 | F9: 0 | G9: 0 | H9: 0 | I9: 0 | J9: 0 | K9: 0
A10: - Tấm pin, thiết bị inverter | B10: tỷ đồng | C10: ='Bảng thông số'!$C$3 / ((1+'Bảng thông số'!$F$3)*(1+'Bảng thông số'!$F$4)) -> 19.047619 | D10: 0 | E10: 0 | F10: 0 | G10: 0 | H10: 0 | I10: 0 | J10: 0 | K10: 0
A11: - Khung đỡ, dây dẫn | B11: tỷ đồng | C11: ='Bảng thông số'!$C$5 / (1+'Bảng thông số'!$F$5) -> 5 | D11: 0 | E11: 0 | F11: 0 | G11: 0 | H11: 0 | I11: 0 | J11: 0 | K11: 0
A12: - Lao động lắp đặt | B12: tỷ đồng | C12: ='Bảng thông số'!$C$6 * ('Bảng thông số'!$F$6*'Bảng thông số'!$G$6 + 'Bảng thông số'!$F$7*'Bảng thông số'!$G$7) -> 2.04 | D12: 0 | E12: 0 | F12: 0 | G12: 0 | H12: 0 | I12: 0 | J12: 0 | K12: 0
A13: - Đào tạo, giấy phép | B13: tỷ đồng | C13: ='Bảng thông số'!$F$8 -> 0.4 | D13: 0 | E13: 0 | F13: 0 | G13: 0 | H13: 0 | I13: 0 | J13: 0 | K13: 0
A14: 2. Giai đoạn vận hành | B14: tỷ đồng/năm | C14: 0 | D14: =SUM(D15:D18) -> 0.94709091 | E14: =SUM(E15:E18) -> 0.94709091 | F14: =SUM(F15:F18) -> 0.94709091 | G14: =SUM(G15:G18) -> 0.94709091 | H14: =SUM(H15:H18) -> 0.94709091 | I14: =SUM(I15:I18) -> 0.94709091 | J14: =SUM(J15:J18) -> 0.94709091 | K14: =SUM(K15:K18) -> 0.94709091
A15: - Bảo trì, vệ sinh | B15: tỷ đồng/năm | C15: 0 | D15: ='Bảng thông số'!$C$10 / (1+'Bảng thông số'!$F$10) -> 0.40909091 | E15: ='Bảng thông số'!$C$10 / (1+'Bảng thông số'!$F$10) -> 0.40909091 | F15: ='Bảng thông số'!$C$10 / (1+'Bảng thông số'!$F$10) -> 0.40909091 | G15: ='Bảng thông số'!$C$10 / (1+'Bảng thông số'!$F$10) -> 0.40909091 | H15: ='Bảng thông số'!$C$10 / (1+'Bảng thông số'!$F$10) -> 0.40909091 | I15: ='Bảng thông số'!$C$10 / (1+'Bảng thông số'!$F$10) -> 0.40909091 | J15: ='Bảng thông số'!$C$10 / (1+'Bảng thông số'!$F$10) -> 0.40909091 | K15: ='Bảng thông số'!$C$10 / (1+'Bảng thông số'!$F$10) -> 0.40909091
A16: - Lao động vận hành | B16: tỷ đồng/năm | C16: 0 | D16: ='Bảng thông số'!$C$11 * ('Bảng thông số'!$F$11*'Bảng thông số'!$G$11 + 'Bảng thông số'!$F$12*'Bảng thông số'!$G$12) -> 0.308 | E16: ='Bảng thông số'!$C$11 * ('Bảng thông số'!$F$11*'Bảng thông số'!$G$11 + 'Bảng thông số'!$F$12*'Bảng thông số'!$G$12) -> 0.308 | F16: ='Bảng thông số'!$C$11 * ('Bảng thông số'!$F$11*'Bảng thông số'!$G$11 + 'Bảng thông số'!$F$12*'Bảng thông số'!$G$12) -> 0.308 | G16: ='Bảng thông số'!$C$11 * ('Bảng thông số'!$F$11*'Bảng thông số'!$G$11 + 'Bảng thông số'!$F$12*'Bảng thông số'!$G$12) -> 0.308 | H16: ='Bảng thông số'!$C$11 * ('Bảng thông số'!$F$11*'Bảng thông số'!$G$11 + 'Bảng thông số'!$F$12*'Bảng thông số'!$G$12) -> 0.308 | I16: ='Bảng thông số'!$C$11 * ('Bảng thông số'!$F$11*'Bảng thông số'!$G$11 + 'Bảng thông số'!$F$12*'Bảng thông số'!$G$12) -> 0.308 | J16: ='Bảng thông số'!$C$11 * ('Bảng thông số'!$F$11*'Bảng thông số'!$G$11 + 'Bảng thông số'!$F$12*'Bảng thông số'!$G$12) -> 0.308 | K16: ='Bảng thông số'!$C$11 * ('Bảng thông số'!$F$11*'Bảng thông số'!$G$11 + 'Bảng thông số'!$F$12*'Bảng thông số'!$G$12) -> 0.308
A17: - Bảo hiểm, quản lý | B17: tỷ đồng/năm | C17: 0 | D17: ='Bảng thông số'!$F$13 -> 0.15 | E17: ='Bảng thông số'!$F$13 -> 0.15 | F17: ='Bảng thông số'!$F$13 -> 0.15 | G17: ='Bảng thông số'!$F$13 -> 0.15 | H17: ='Bảng thông số'!$F$13 -> 0.15 | I17: ='Bảng thông số'!$F$13 -> 0.15 | J17: ='Bảng thông số'!$F$13 -> 0.15 | K17: ='Bảng thông số'!$F$13 -> 0.15
A18: - Nước vệ sinh pin | B18: tỷ đồng/năm | C18: 0 | D18: ='Bảng thông số'!$F$14 -> 0.08 | E18: ='Bảng thông số'!$F$14 -> 0.08 | F18: ='Bảng thông số'!$F$14 -> 0.08 | G18: ='Bảng thông số'!$F$14 -> 0.08 | H18: ='Bảng thông số'!$F$14 -> 0.08 | I18: ='Bảng thông số'!$F$14 -> 0.08 | J18: ='Bảng thông số'!$F$14 -> 0.08 | K18: ='Bảng thông số'!$F$14 -> 0.08
A19: 3. Chi phí thay thế (Năm 5) | B19: tỷ đồng | C19: =C20 -> 0 | D19: =D20 -> 0 | E19: =E20 -> 0 | F19: =F20 -> 0 | G19: =G20 -> 0 | H19: =H20 -> 2.8571429 | I19: =I20 -> 0 | J19: =J20 -> 0 | K19: =K20 -> 0
A20: - Thay thiết bị inverter | B20: tỷ đồng | C20: 0 | D20: 0 | E20: 0 | F20: 0 | G20: 0 | H20: ='Bảng thông số'!$C$16 / ((1+'Bảng thông số'!$F$16)*(1+'Bảng thông số'!$F$17)) -> 2.8571429 | I20: 0 | J20: 0 | K20: 0
A21: TỔNG CHI PHÍ (C) | B21: tỷ đồng/năm | C21: =C9+C14+C19 -> 26.487619 | D21: =D9+D14+D19 -> 0.94709091 | E21: =E9+E14+E19 -> 0.94709091 | F21: =F9+F14+F19 -> 0.94709091 | G21: =G9+G14+G19 -> 0.94709091 | H21: =H9+H14+H19 -> 3.8042338 | I21: =I9+I14+I19 -> 0.94709091 | J21: =J9+J14+J19 -> 0.94709091 | K21: =K9+K14+K19 -> 0.94709091
A22: III. LỢI ÍCH RÒNG | B22: tỷ đồng/năm
A23: LỢI ÍCH RÒNG (B - C) | B23: tỷ đồng/năm | C23: =C7-C21 -> -26.487619 | D23: =D7-D21 -> 5.7169091 | E23: =E7-E21 -> 5.7169091 | F23: =F7-F21 -> 5.7169091 | G23: =G7-G21 -> 5.7169091 | H23: =H7-H21 -> 2.8597662 | I23: =I7-I21 -> 5.7169091 | J23: =J7-J21 -> 5.7169091 | K23: =K7-K21 -> 9.3240519
A24: IV. CHỈ TIÊU KINH TẾ
A25: Suất chiết khấu | B25: % | C25: ='Bảng thông số'!$C$30 -> 0.08
A26: NPV | B26: tỷ đồng | C26: =NPV(C25, D23:K23) + C23 -> 6.369697
A27: NPV Lợi Ích (B) | B27: tỷ đồng | C27: =NPV(C25, D7:K7) + C7 -> 40.244429
A28: NPV Chi Phí (C) | B28: tỷ đồng | C28: =NPV(C25, D21:K21) + C21 -> 33.874732
A29: B/C | B29: lần | C29: =C27/C28 -> 1.1880368
A30: Phụ trợ: Sản lượng tiêu thụ (tổng) | B30: triệu kWh/năm | C30: 0 | D30: ='Bảng thông số'!$C$19 -> 2.8 | E30: ='Bảng thông số'!$C$19 -> 2.8 | F30: ='Bảng thông số'!$C$19 -> 2.8 | G30: ='Bảng thông số'!$C$19 -> 2.8 | H30: ='Bảng thông số'!$C$19 -> 2.8 | I30: ='Bảng thông số'!$C$19 -> 2.8 | J30: ='Bảng thông số'!$C$19 -> 2.8 | K30: ='Bảng thông số'!$C$19 -> 2.8
A31: Giá kinh tế điện mặt trời (LCOE) | B31: đồng/kWh | C31: =(C28 * 10^9) / (NPV(C25, D30:K30) * 10^6) -> 2105.2512
