Workbook

Sheet Dự án
A1: Đề 01 UBND huyện xem xét đầu tư trạm xử lý nước sạch công suất 1,2 triệu m3/năm. Dự án vận hành trong 10 năm, tỉ lệ chiết khấu xã hội thực là 8%/năm. Dự án được đầu tư vào năm 0 gồm các chi phí: - Xây dựng dân dụng 25 tỷ đồng, trong đó gồm VAT 10%. - Thiết bị xử lý được nhập khẩu với giá 18 tỷ đồng, gồm thuế nhập khẩu 5% và VAT 10%. - Lao động xây dựng 6 tỷ đồng, trong đó 60% là lao động nông nhàn có tiền công bằng 55% mức thu nhập trong dự án, 40% là lao động đang có việc làm với thu nhập bằng mức thu nhập trong dự án. - Bồi thường hoa lợi trên đất 4 tỷ đồng. Các nông hộ đang được giao đất canh tác và bị mất sản lượng nông nghiệp ròng 0,35 tỷ/năm trong 10 năm khi đất giao về dự án. Giá trị còn lại cuối năm 10 bằng 20% giá trị kinh tế của xây dựng dân dụng và thiết bị nhập khẩu. Khi dự án đi vào vận hành, các chi phí phát sinh hàng năm bao gồm: - Điện phải trả 1,4 tỷ đồng đã bao gồm 10% thuế VAT và 5% thuế nhiên liệu, trong đó thuế nhiên liệu được tính trên toàn giá trị sau VAT. - Hóa chất nhập khẩu 1,1 tỷ đồng, gồm thuế nhập khẩu 5% và VAT 10%. - Lao động kỹ thuật 1,2 tỷ đồng. Đây là các lao động đang có việc làm tương đương. Lao động phổ thông 0,8 tỷ đồng, trong đó 70% là lao động thất nghiệp sẵn sàng nhận tối thiểu 60% tiền công, 30% là lao động đang có việc làm tương đương. - Bảo trì trong nước 0,64 tỷ đồng, thuế VAT phải trả 10%. Dự án khi hoàn thành sẽ cung cấp nước sạch khoảng 1,2 triệu m3 mỗi năm và nước sạch thuộc mặt hàng được kiểm soát tình trạng độc quyền. Nếu không có nguồn nước này, những người dân nơi đây sử dụng nước giếng hay mua nước từ xe bồn với chi phí khoảng 8.400 đồng/m3 và còn tốn thêm chi phí đun sôi, lọc, xử lý nước khoảng 1.600 đồng/m3, và các khoản VAT 10%, vậy nên họ sử dụng rất tiết kiệm và chỉ dùng khoảng 0,75 triệu m3/năm. Vậy nên khi có dự án, vì nước sạch hơn và chi phí thấp hơn, những người dân này có mức giá sẵn lòng trả trong khoảng 8.500 - 12.500 đồng/m3 và tổng lượng dùng có thể lên đến ngưỡng 1,2 triệu m3/năm. 1/ Nhận dạng lợi ích và chi phí có thể có của dự án. (2 điểm) 2/ Lập bảng thông số của dự án. (2 điểm) 3/ Lập bảng tính lợi ích kinh tế hàng năm của dự án, chi phí kinh tế của mỗi loại đầu vào trong năm xây dựng và trong năm vận hành. (3.75 điểm) 4/ Tính NPV và B/C của dự án. Diễn giải kết quả dự án. (1.5 điểm) 5/ Tính giá kinh tế mỗi m3 nước sạch. (0.75 điểm)

Sheet Bảng thông số
A1: Chỉ tiêu | B1: Đvt | C1: Năm 0 | D1: Năm 1 | E1: Ghi chú 1 | F1: Ghi chú 2 | G1: Ghi chú 3 | H1: Ghi chú 4
A2: Giai đoạn xây dựng
A3: Xây dựng dân dụng | B3: tỷ đồng | C3: 25 | E3: đã gồm | F3: thuế VAT | G3: 0.1
A4: Thiết bị xử lý, nhập khẩu | B4: tỷ đồng | C4: 18 | E4: đã gồm | F4: thuế nhập khẩu | G4: 0.05
F5: thuế VAT | G5: 0.1
A6: Lao động xây dựng | B6: tỷ đồng | C6: 6 | E6: trong đó | F6: từ lao động nông nhàn | G6: 0.6 | H6: 0.55
F7: từ lao động đang có việc làm | G7: 0.4 | H7: 1
A8: Bồi thường hoa lợi | B8: tỷ đồng | C8: 4 | F8: mất sản lượng | G8: 0.35 | H8: tỷ đồng/năm
A9: Giai đoạn vận hành
A10: Điện | B10: tỷ đồng/năm | D10: 1.4 | E10: đã gồm | F10: thuế VAT | G10: 0.1
F11: thuế nhiên liệu | G11: 0.05 | H11: trên giá trị sau VAT
A12: Hóa chất, nhập khẩu | B12: tỷ đồng/năm | D12: 1.1 | E12: đã gồm | F12: thuế nhập khẩu | G12: 0.05
F13: thuế VAT | G13: 0.1
A14: Lao động kỹ thuật | B14: tỷ đồng/năm | D14: 1.2 | E14: trong đó | F14: từ lao động đang có việc làm | G14: 1 | H14: 1
A15: Lao động phổ thông | B15: tỷ đồng/năm | D15: 0.8 | E15: trong đó | F15: từ lao động thất nghiệp | G15: 0.7 | H15: 0.6
F16: từ lao động đang có việc làm | G16: 0.3 | H16: 1
A17: Bảo trì trong nước | B17: tỷ đồng/năm | D17: 0.64 | E17: chưa gồm | F17: thuế VAT | G17: 0.1
A18: Đầu ra
A19: Sản lượng tiêu thụ từ dự án | B19: triệu m3/năm | D19: 1.2
A20: Giá sẵn lòng trả | B20: đồng/m3 | C20: 8500 | D20: 12500
A21: Tiêu thụ từ nguồn nước hiện hữu | B21: triệu m3/năm | D21: 0.75
A22: Giá nước từ nguồn nước hiện hữu | B22: đồng/m3 | C22: 8400 | E22: chưa gồm | F22: thuế VAT | G22: 0.1
A23: Chi phí xử lý nguồn nước hiện hữu | B23: đồng/m3 | C23: 1600 | E23: chưa gồm | F23: thuế VAT | G23: 0.1
A24: Giá trị còn lại
A25: Xây dựng dân dụng | E25: 0.2 | F25: giá trị kinh tế
A26: Thiết bị nhập khẩu | E26: 0.2 | F26: giá trị kinh tế
A27: Suất chiết khấu | C27: 0.08

Sheet Bảng tính
A1: Hạng mục | B1: ĐVT | C1: 0 | D1: 1 | E1: 2 | F1: 3 | G1: 4 | H1: 5 | I1: 6 | J1: 7 | K1: 8 | L1: 9 | M1: 10
A2: I. LỢI ÍCH KINH TẾ | B2: tỷ đồng/năm
A3: 1. Giá trị sản lượng, phần tăng thêm | B3: tỷ đồng/năm | C3: 0 | D3: =(D4*D5)/1000 -> 5.625 | E3: =(E4*E5)/1000 -> 5.625 | F3: =(F4*F5)/1000 -> 5.625 | G3: =(G4*G5)/1000 -> 5.625 | H3: =(H4*H5)/1000 -> 5.625 | I3: =(I4*I5)/1000 -> 5.625 | J3: =(J4*J5)/1000 -> 5.625 | K3: =(K4*K5)/1000 -> 5.625 | ... M3: =(M4*M5)/1000 -> 5.625
A4: - Sản lượng tăng thêm | B4: triệu m3/năm | C4: 0 | D4: ='Bảng thông số'!$D$19 - 'Bảng thông số'!$D$21 -> 0.45 | E4: ='Bảng thông số'!$D$19 - 'Bảng thông số'!$D$21 -> 0.45 | F4: ='Bảng thông số'!$D$19 - 'Bảng thông số'!$D$21 -> 0.45 | G4: ='Bảng thông số'!$D$19 - 'Bảng thông số'!$D$21 -> 0.45 | H4: ='Bảng thông số'!$D$19 - 'Bảng thông số'!$D$21 -> 0.45 | I4: ='Bảng thông số'!$D$19 - 'Bảng thông số'!$D$21 -> 0.45 | J4: ='Bảng thông số'!$D$19 - 'Bảng thông số'!$D$21 -> 0.45 | K4: ='Bảng thông số'!$D$19 - 'Bảng thông số'!$D$21 -> 0.45 | ... M4: ='Bảng thông số'!$D$19 - 'Bảng thông số'!$D$21 -> 0.45
A5: - Giá sẵn lòng trả | B5: đồng/m3 | C5: 0 | D5: ='Bảng thông số'!$D$20 -> 12500 | E5: ='Bảng thông số'!$D$20 -> 12500 | F5: ='Bảng thông số'!$D$20 -> 12500 | G5: ='Bảng thông số'!$D$20 -> 12500 | H5: ='Bảng thông số'!$D$20 -> 12500 | I5: ='Bảng thông số'!$D$20 -> 12500 | J5: ='Bảng thông số'!$D$20 -> 12500 | K5: ='Bảng thông số'!$D$20 -> 12500 | ... M5: ='Bảng thông số'!$D$20 -> 12500
A6: 2. Giá trị sản lượng, phần thay thế | B6: tỷ đồng/năm | C6: 0 | D6: =D7*(D8+D9)/1000 -> 7.5 | E6: =E7*(E8+E9)/1000 -> 7.5 | F6: =F7*(F8+F9)/1000 -> 7.5 | G6: =G7*(G8+G9)/1000 -> 7.5 | H6: =H7*(H8+H9)/1000 -> 7.5 | I6: =I7*(I8+I9)/1000 -> 7.5 | J6: =J7*(J8+J9)/1000 -> 7.5 | K6: =K7*(K8+K9)/1000 -> 7.5 | ... M6: =M7*(M8+M9)/1000 -> 7.5
A7: - Sản lượng thay thế | B7: triệu m3/năm | C7: 0 | D7: ='Bảng thông số'!$D$21 -> 0.75 | E7: ='Bảng thông số'!$D$21 -> 0.75 | F7: ='Bảng thông số'!$D$21 -> 0.75 | G7: ='Bảng thông số'!$D$21 -> 0.75 | H7: ='Bảng thông số'!$D$21 -> 0.75 | I7: ='Bảng thông số'!$D$21 -> 0.75 | J7: ='Bảng thông số'!$D$21 -> 0.75 | K7: ='Bảng thông số'!$D$21 -> 0.75 | ... M7: ='Bảng thông số'!$D$21 -> 0.75
A8: - Chi phí mua nước hiện hữu | B8: đồng/m3 | C8: 0 | D8: ='Bảng thông số'!$C$22 -> 8400 | E8: ='Bảng thông số'!$C$22 -> 8400 | F8: ='Bảng thông số'!$C$22 -> 8400 | G8: ='Bảng thông số'!$C$22 -> 8400 | H8: ='Bảng thông số'!$C$22 -> 8400 | I8: ='Bảng thông số'!$C$22 -> 8400 | J8: ='Bảng thông số'!$C$22 -> 8400 | K8: ='Bảng thông số'!$C$22 -> 8400 | ... M8: ='Bảng thông số'!$C$22 -> 8400
A9: - Chi phí xử lý nước hiện hữu | B9: đồng/m3 | C9: 0 | D9: ='Bảng thông số'!$C$23 -> 1600 | E9: ='Bảng thông số'!$C$23 -> 1600 | F9: ='Bảng thông số'!$C$23 -> 1600 | G9: ='Bảng thông số'!$C$23 -> 1600 | H9: ='Bảng thông số'!$C$23 -> 1600 | I9: ='Bảng thông số'!$C$23 -> 1600 | J9: ='Bảng thông số'!$C$23 -> 1600 | K9: ='Bảng thông số'!$C$23 -> 1600 | ... M9: ='Bảng thông số'!$C$23 -> 1600
A10: 3. Giá trị còn lại | B10: tỷ đồng | C10: 0 | D10: 0 | E10: 0 | F10: 0 | G10: 0 | H10: 0 | I10: 0 | J10: 0 | K10: 0 | L10: 0 | M10: =M11+M12 -> 7.6623377
A11: - Xây dựng dân dụng | B11: tỷ đồng | C11: 0 | D11: 0 | E11: 0 | F11: 0 | G11: 0 | H11: 0 | I11: 0 | J11: 0 | K11: 0 | L11: 0 | M11: =C16*'Bảng thông số'!$E$25 -> 4.5454545
A12: - Thiết bị nhập khẩu | B12: tỷ đồng | C12: 0 | D12: 0 | E12: 0 | F12: 0 | G12: 0 | H12: 0 | I12: 0 | J12: 0 | K12: 0 | L12: 0 | M12: =C17*'Bảng thông số'!$E$26 -> 3.1168831
A13: TỔNG LỢI ÍCH (B) | B13: tỷ đồng/năm | C13: =SUM(C3,C6,C10) -> 0 | D13: =SUM(D3,D6,D10) -> 13.125 | E13: =SUM(E3,E6,E10) -> 13.125 | F13: =SUM(F3,F6,F10) -> 13.125 | G13: =SUM(G3,G6,G10) -> 13.125 | H13: =SUM(H3,H6,H10) -> 13.125 | I13: =SUM(I3,I6,I10) -> 13.125 | J13: =SUM(J3,J6,J10) -> 13.125 | ... M13: =SUM(M3,M6,M10) -> 20.787338
A14: II. CHI PHÍ KINH TẾ | B14: tỷ đồng/năm
A15: 1. Giai đoạn xây dựng | B15: tỷ đồng/năm | C15: =SUM(C16:C18) -> 42.691688 | D15: 0 | E15: 0 | F15: 0 | G15: 0 | H15: 0 | I15: 0 | J15: 0 | K15: 0 | L15: 0 | M15: 0
A16: - Xây dựng dân dụng | B16: tỷ đồng | C16: ='Bảng thông số'!$C$3 / (1+'Bảng thông số'!$G$3) -> 22.727273 | D16: 0 | E16: 0 | F16: 0 | G16: 0 | H16: 0 | I16: 0 | J16: 0 | K16: 0 | L16: 0 | M16: 0
A17: - Thiết bị xử lý | B17: tỷ đồng | C17: ='Bảng thông số'!$C$4 / ((1+'Bảng thông số'!$G$4) * (1+'Bảng thông số'!$G$5)) -> 15.584416 | D17: 0 | E17: 0 | F17: 0 | G17: 0 | H17: 0 | I17: 0 | J17: 0 | K17: 0 | L17: 0 | M17: 0
A18: - Lao động xây dựng | B18: tỷ đồng | C18: ='Bảng thông số'!$C$6 * ('Bảng thông số'!$G$6*'Bảng thông số'!$H$6 + 'Bảng thông số'!$G$7*'Bảng thông số'!$H$7) -> 4.38 | D18: 0 | E18: 0 | F18: 0 | G18: 0 | H18: 0 | I18: 0 | J18: 0 | K18: 0 | L18: 0 | M18: 0
A19: 2. Giai đoạn vận hành | B19: tỷ đồng/năm | C19: 0 | D19: =SUM(D20:D25) -> 4.9305022 | E19: =SUM(E20:E25) -> 4.9305022 | F19: =SUM(F20:F25) -> 4.9305022 | G19: =SUM(G20:G25) -> 4.9305022 | H19: =SUM(H20:H25) -> 4.9305022 | I19: =SUM(I20:I25) -> 4.9305022 | J19: =SUM(J20:J25) -> 4.9305022 | K19: =SUM(K20:K25) -> 4.9305022 | ... M19: =SUM(M20:M25) -> 4.9305022
A20: - Thiệt hại hoa lợi (mất sản lượng) | B20: tỷ đồng/năm | C20: 0 | D20: ='Bảng thông số'!$G$8 -> 0.35 | E20: ='Bảng thông số'!$G$8 -> 0.35 | F20: ='Bảng thông số'!$G$8 -> 0.35 | G20: ='Bảng thông số'!$G$8 -> 0.35 | H20: ='Bảng thông số'!$G$8 -> 0.35 | I20: ='Bảng thông số'!$G$8 -> 0.35 | J20: ='Bảng thông số'!$G$8 -> 0.35 | K20: ='Bảng thông số'!$G$8 -> 0.35 | ... M20: ='Bảng thông số'!$G$8 -> 0.35
A21: - Điện | B21: tỷ đồng/năm | C21: 0 | D21: ='Bảng thông số'!$D$10 / ((1+'Bảng thông số'!$G$10) * (1+'Bảng thông số'!$G$11)) -> 1.2121212 | E21: ='Bảng thông số'!$D$10 / ((1+'Bảng thông số'!$G$10) * (1+'Bảng thông số'!$G$11)) -> 1.2121212 | F21: ='Bảng thông số'!$D$10 / ((1+'Bảng thông số'!$G$10) * (1+'Bảng thông số'!$G$11)) -> 1.2121212 | G21: ='Bảng thông số'!$D$10 / ((1+'Bảng thông số'!$G$10) * (1+'Bảng thông số'!$G$11)) -> 1.2121212 | H21: ='Bảng thông số'!$D$10 / ((1+'Bảng thông số'!$G$10) * (1+'Bảng thông số'!$G$11)) -> 1.2121212 | I21: ='Bảng thông số'!$D$10 / ((1+'Bảng thông số'!$G$10) * (1+'Bảng thông số'!$G$11)) -> 1.2121212 | J21: ='Bảng thông số'!$D$10 / ((1+'Bảng thông số'!$G$10) * (1+'Bảng thông số'!$G$11)) -> 1.2121212 | K21: ='Bảng thông số'!$D$10 / ((1+'Bảng thông số'!$G$10) * (1+'Bảng thông số'!$G$11)) -> 1.2121212 | ... M21: ='Bảng thông số'!$D$10 / ((1+'Bảng thông số'!$G$10) * (1+'Bảng thông số'!$G$11)) -> 1.2121212
A22: - Hóa chất | B22: tỷ đồng/năm | C22: 0 | D22: ='Bảng thông số'!$D$12 / ((1+'Bảng thông số'!$G$12) * (1+'Bảng thông số'!$G$13)) -> 0.95238095 | E22: ='Bảng thông số'!$D$12 / ((1+'Bảng thông số'!$G$12) * (1+'Bảng thông số'!$G$13)) -> 0.95238095 | F22: ='Bảng thông số'!$D$12 / ((1+'Bảng thông số'!$G$12) * (1+'Bảng thông số'!$G$13)) -> 0.95238095 | G22: ='Bảng thông số'!$D$12 / ((1+'Bảng thông số'!$G$12) * (1+'Bảng thông số'!$G$13)) -> 0.95238095 | H22: ='Bảng thông số'!$D$12 / ((1+'Bảng thông số'!$G$12) * (1+'Bảng thông số'!$G$13)) -> 0.95238095 | I22: ='Bảng thông số'!$D$12 / ((1+'Bảng thông số'!$G$12) * (1+'Bảng thông số'!$G$13)) -> 0.95238095 | J22: ='Bảng thông số'!$D$12 / ((1+'Bảng thông số'!$G$12) * (1+'Bảng thông số'!$G$13)) -> 0.95238095 | K22: ='Bảng thông số'!$D$12 / ((1+'Bảng thông số'!$G$12) * (1+'Bảng thông số'!$G$13)) -> 0.95238095 | ... M22: ='Bảng thông số'!$D$12 / ((1+'Bảng thông số'!$G$12) * (1+'Bảng thông số'!$G$13)) -> 0.95238095
A23: - LĐ kỹ thuật | B23: tỷ đồng/năm | C23: 0 | D23: ='Bảng thông số'!$D$14 * ('Bảng thông số'!$G$14*'Bảng thông số'!$H$14) -> 1.2 | E23: ='Bảng thông số'!$D$14 * ('Bảng thông số'!$G$14*'Bảng thông số'!$H$14) -> 1.2 | F23: ='Bảng thông số'!$D$14 * ('Bảng thông số'!$G$14*'Bảng thông số'!$H$14) -> 1.2 | G23: ='Bảng thông số'!$D$14 * ('Bảng thông số'!$G$14*'Bảng thông số'!$H$14) -> 1.2 | H23: ='Bảng thông số'!$D$14 * ('Bảng thông số'!$G$14*'Bảng thông số'!$H$14) -> 1.2 | I23: ='Bảng thông số'!$D$14 * ('Bảng thông số'!$G$14*'Bảng thông số'!$H$14) -> 1.2 | J23: ='Bảng thông số'!$D$14 * ('Bảng thông số'!$G$14*'Bảng thông số'!$H$14) -> 1.2 | K23: ='Bảng thông số'!$D$14 * ('Bảng thông số'!$G$14*'Bảng thông số'!$H$14) -> 1.2 | ... M23: ='Bảng thông số'!$D$14 * ('Bảng thông số'!$G$14*'Bảng thông số'!$H$14) -> 1.2
A24: - LĐ phổ thông | B24: tỷ đồng/năm | C24: 0 | D24: ='Bảng thông số'!$D$15 * ('Bảng thông số'!$G$15*'Bảng thông số'!$H$15 + 'Bảng thông số'!$G$16*'Bảng thông số'!$H$16) -> 0.576 | E24: ='Bảng thông số'!$D$15 * ('Bảng thông số'!$G$15*'Bảng thông số'!$H$15 + 'Bảng thông số'!$G$16*'Bảng thông số'!$H$16) -> 0.576 | F24: ='Bảng thông số'!$D$15 * ('Bảng thông số'!$G$15*'Bảng thông số'!$H$15 + 'Bảng thông số'!$G$16*'Bảng thông số'!$H$16) -> 0.576 | G24: ='Bảng thông số'!$D$15 * ('Bảng thông số'!$G$15*'Bảng thông số'!$H$15 + 'Bảng thông số'!$G$16*'Bảng thông số'!$H$16) -> 0.576 | H24: ='Bảng thông số'!$D$15 * ('Bảng thông số'!$G$15*'Bảng thông số'!$H$15 + 'Bảng thông số'!$G$16*'Bảng thông số'!$H$16) -> 0.576 | I24: ='Bảng thông số'!$D$15 * ('Bảng thông số'!$G$15*'Bảng thông số'!$H$15 + 'Bảng thông số'!$G$16*'Bảng thông số'!$H$16) -> 0.576 | J24: ='Bảng thông số'!$D$15 * ('Bảng thông số'!$G$15*'Bảng thông số'!$H$15 + 'Bảng thông số'!$G$16*'Bảng thông số'!$H$16) -> 0.576 | K24: ='Bảng thông số'!$D$15 * ('Bảng thông số'!$G$15*'Bảng thông số'!$H$15 + 'Bảng thông số'!$G$16*'Bảng thông số'!$H$16) -> 0.576 | ... M24: ='Bảng thông số'!$D$15 * ('Bảng thông số'!$G$15*'Bảng thông số'!$H$15 + 'Bảng thông số'!$G$16*'Bảng thông số'!$H$16) -> 0.576
A25: - Bảo trì | B25: tỷ đồng/năm | C25: 0 | D25: ='Bảng thông số'!$D$17 -> 0.64 | E25: ='Bảng thông số'!$D$17 -> 0.64 | F25: ='Bảng thông số'!$D$17 -> 0.64 | G25: ='Bảng thông số'!$D$17 -> 0.64 | H25: ='Bảng thông số'!$D$17 -> 0.64 | I25: ='Bảng thông số'!$D$17 -> 0.64 | J25: ='Bảng thông số'!$D$17 -> 0.64 | K25: ='Bảng thông số'!$D$17 -> 0.64 | ... M25: ='Bảng thông số'!$D$17 -> 0.64
A26: TỔNG CHI PHÍ (C) | B26: tỷ đồng/năm | C26: =C15+SUM(C20:C25) -> 42.691688 | D26: =D15+SUM(D20:D25) -> 4.9305022 | E26: =E15+SUM(E20:E25) -> 4.9305022 | F26: =F15+SUM(F20:F25) -> 4.9305022 | G26: =G15+SUM(G20:G25) -> 4.9305022 | H26: =H15+SUM(H20:H25) -> 4.9305022 | I26: =I15+SUM(I20:I25) -> 4.9305022 | J26: =J15+SUM(J20:J25) -> 4.9305022 | ... M26: =M15+SUM(M20:M25) -> 4.9305022
A27: III. LỢI ÍCH RÒNG | B27: tỷ đồng/năm
A28: LỢI ÍCH RÒNG (B - C) | B28: tỷ đồng/năm | C28: =C13-C26 -> -42.691688 | D28: =D13-D26 -> 8.1944978 | E28: =E13-E26 -> 8.1944978 | F28: =F13-F26 -> 8.1944978 | G28: =G13-G26 -> 8.1944978 | H28: =H13-H26 -> 8.1944978 | I28: =I13-I26 -> 8.1944978 | J28: =J13-J26 -> 8.1944978 | ... M28: =M13-M26 -> 15.856835
A29: IV. CHỈ TIÊU KINH TẾ
A30: Suất chiết khấu | B30: % | C30: ='Bảng thông số'!$C$27 -> 0.08
A31: NPV | B31: tỷ đồng | C31: =NPV(C30, D28:M28) + C28 -> 15.843204
A32: NPV B | B32: tỷ đồng | C32: =NPV(C30, D13:M13) + C13 -> 91.618963
A33: NPV C | B33: tỷ đồng | C33: =NPV(C30, D26:M26) + C26 -> 75.775759
A34: B/C | B34: lần | C34: =C32/C33 -> 1.2090801
A35: Phụ trợ: Sản lượng tiêu thụ | B35: triệu m3/năm | C35: 0 | D35: ='Bảng thông số'!$D$19 -> 1.2 | E35: ='Bảng thông số'!$D$19 -> 1.2 | F35: ='Bảng thông số'!$D$19 -> 1.2 | G35: ='Bảng thông số'!$D$19 -> 1.2 | H35: ='Bảng thông số'!$D$19 -> 1.2 | I35: ='Bảng thông số'!$D$19 -> 1.2 | J35: ='Bảng thông số'!$D$19 -> 1.2 | K35: ='Bảng thông số'!$D$19 -> 1.2 | ... M35: ='Bảng thông số'!$D$19 -> 1.2
A36: Giá kinh tế bình quân | B36: đồng/m3 | C36: =(C33 * 10^9) / (NPV(C30, D35:M35) * 10^6) -> 9410.6855
